Diameter,Min thickness,Max thickness,Area,Volume,id
6.50,3.28,3.74,173.03,194.43,3
6.63,3.32,3.76,183.16,209.22,3
7.32,0.94,3.10,171.16,108.50,1
8.25,0.93,2.97,182.87,116.79,1
8.40,0.51,3.00,182.23,121.27,1
7.53,0.78,3.21,152.41,110.13,1
8.27,1.07,3.23,168.98,124.52,1
7.33,1.95,4.47,173.27,145.63,2
7.03,3.38,3.85,159.72,189.88,3
7.94,0.47,2.97,176.66,112.20,1
7.14,2.19,3.93,148.31,157.66,2
6.48,3.33,3.67,161.80,193.57,3
6.84,3.41,3.62,182.62,214.88,3
7.56,1.87,4.28,150.65,146.02,2
7.09,3.27,3.84,159.70,207.30,3
7.46,2.09,4.43,163.34,142.24,2
7.04,3.47,3.71,185.61,220.28,3
7.46,1.85,4.25,158.40,146.78,2
8.21,0.58,3.02,155.42,118.14,1
7.41,0.86,2.99,182.23,126.87,1
6.47,3.45,3.60,186.63,231.12,3
7.04,3.50,3.66,167.35,197.43,3
7.51,1.03,3.26,153.94,113.88,1
7.54,1.86,4.14,152.00,142.50,2
7.96,1.10,3.08,168.28,128.27,1
7.50,0.89,3.20,158.10,121.16,1
6.67,3.30,3.68,177.50,189.06,3
7.58,1.74,4.17,153.41,140.83,2
6.61,3.31,3.78,182.58,192.64,3
7.08,2.42,4.07,154.45,151.52,2
6.92,3.44,3.64,166.28,217.37,3
6.48,3.33,3.59,184.93,223.26,3
6.83,3.44,3.83,172.65,195.56,3
6.76,3.43,3.77,165.94,211.51,3
7.79,2.48,4.44,167.40,137.06,2
7.25,0.74,3.36,159.38,123.23,1
7.21,1.10,3.04,157.27,116.01,1
8.30,0.97,3.39,162.71,108.22,1
7.67,0.79,3.22,172.12,125.14,1
7.83,0.67,3.38,171.80,113.43,1
6.87,3.32,3.77,167.57,222.80,3
7.76,2.34,3.77,149.35,137.82,2
7.56,0.74,3.31,163.29,124.13,1
7.29,1.75,3.81,172.08,163.10,2
7.53,2.15,4.30,150.86,142.69,2
7.36,0.83,3.17,177.62,115.34,1
6.47,3.45,3.76,174.28,219.25,3
6.49,3.51,3.75,159.10,231.32,3
7.09,3.24,3.61,171.34,198.20,3
7.96,2.48,4.00,153.20,157.98,2
6.62,3.50,3.80,169.73,212.82,3
6.95,3.55,3.65,161.04,213.74,3
6.65,3.27,3.81,163.23,199.42,3
7.05,3.44,3.71,163.19,198.04,3
8.21,1.08,3.29,178.97,110.52,1
7.48,1.73,4.40,171.71,136.22,2
8.39,0.88,2.95,174.87,114.27,1
8.02,1.89,3.71,152.47,159.71,2
6.92,3.35,3.62,185.35,191.06,3
8.37,0.78,3.09,172.12,109.12,1
7.10,3.28,3.84,169.73,229.10,3
8.29,0.79,3.01,180.06,128.16,1
6.64,3.31,3.80,174.76,230.89,3
7.80,1.05,3.09,162.14,126.98,1
8.34,0.78,3.11,162.33,126.42,1
6.81,3.50,3.63,160.82,214.87,3
8.07,2.46,4.01,160.17,160.54,2
8.29,1.04,3.28,171.29,116.29,1
7.31,1.79,4.19,172.70,150.56,2
8.31,0.93,3.38,166.68,130.68,1
6.60,3.33,3.76,170.82,211.82,3
7.45,1.95,4.00,168.44,138.85,2
7.04,3.40,3.85,183.94,213.36,3
6.58,3.27,3.61,169.68,208.01,3
7.31,2.40,4.00,149.46,159.46,2
6.82,3.32,3.84,173.54,203.07,3
7.23,1.93,4.25,163.24,139.81,2
7.60,0.63,3.18,179.35,126.93,1
7.62,2.34,3.87,151.74,162.27,2
6.67,3.50,3.80,185.25,228.21,3
7.82,1.78,3.91,159.96,134.11,2
7.39,0.86,2.99,167.19,124.41,1
7.87,1.75,3.93,148.78,152.35,2
7.14,2.44,4.39,150.76,150.11,2
8.02,0.81,2.93,151.45,112.70,1
6.69,3.24,3.68,163.14,194.38,3
6.55,3.38,3.67,180.85,191.49,3
7.86,2.02,3.73,167.14,143.33,2
7.70,0.89,3.15,163.61,111.81,1
7.72,2.02,4.21,159.49,152.61,2
8.09,0.49,2.85,166.04,131.91,1
7.57,2.33,3.84,155.90,142.18,2
7.46,1.94,4.09,160.69,153.25,2
7.05,3.33,3.79,168.70,197.01,3
6.88,3.29,3.65,164.83,189.14,3
6.68,3.25,3.59,179.21,221.65,3
7.05,3.42,3.78,179.17,189.67,3
7.87,1.02,2.88,167.96,124.13,1
7.44,2.21,4.03,150.34,146.85,2
6.85,3.42,3.83,175.81,211.93,3
6.73,3.47,3.65,183.26,193.25,3
6.53,3.51,3.79,161.64,214.53,3
7.34,2.40,3.85,159.49,163.68,2
7.02,3.42,3.62,172.56,219.55,3
7.38,1.10,3.03,164.50,114.16,1
7.64,2.28,3.79,168.49,157.22,2
6.76,3.32,3.82,177.41,231.42,3
7.84,1.83,3.94,173.64,163.55,2
7.28,2.13,4.47,155.96,152.35,2
7.31,2.43,4.35,154.55,155.17,2
6.94,3.25,3.61,168.39,193.92,3
7.45,0.46,3.10,169.05,132.47,1
6.52,3.48,3.71,174.65,205.11,3
7.32,1.96,3.96,163.39,157.92,2
6.92,3.48,3.80,179.44,189.23,3
6.87,3.39,3.61,169.89,215.08,3
7.78,0.73,3.20,171.61,111.25,1
7.84,1.07,3.12,170.07,128.10,1
8.18,0.65,2.96,151.77,135.05,1
6.83,3.31,3.83,160.22,214.53,3
8.20,0.88,2.94,177.43,129.56,1
8.30,0.93,3.08,175.51,119.09,1
7.32,2.05,4.12,157.83,155.68,2
8.43,0.82,3.25,154.65,132.92,1
7.83,2.01,3.79,166.51,132.26,2
6.99,3.52,3.81,183.41,231.13,3
8.29,0.88,3.03,152.09,133.09,1
7.11,2.00,3.76,159.70,145.57,2
6.82,3.54,3.85,169.31,194.39,3
6.82,3.38,3.77,159.55,219.95,3
6.76,3.50,3.62,185.33,200.62,3
7.14,2.44,4.24,169.11,143.26,2
7.42,0.86,2.96,174.17,117.07,1
7.50,0.56,2.96,167.13,130.85,1
6.92,3.27,3.70,170.04,214.73,3
6.54,3.43,3.75,169.96,195.54,3
7.11,2.30,4.08,152.11,150.18,2
7.63,0.92,2.99,177.56,118.58,1
7.58,0.47,3.01,171.74,128.89,1
7.69,0.66,3.24,151.83,114.16,1
7.79,0.83,3.20,175.83,108.78,1
6.52,3.47,3.68,159.06,225.42,3
6.96,3.27,3.68,180.73,207.20,3
6.76,3.25,3.63,179.75,190.82,3
7.24,0.75,2.99,159.83,116.51,1
6.51,3.31,3.61,166.87,230.91,3
7.92,2.07,3.82,150.44,135.58,2
7.65,0.88,3.18,172.82,128.61,1
7.76,0.64,3.18,180.95,124.41,1
6.60,3.40,3.66,173.15,209.37,3
8.22,0.78,2.97,169.75,128.83,1
6.75,3.34,3.77,183.16,217.50,3
7.84,1.89,4.07,162.46,141.02,2
7.92,1.09,2.89,157.72,109.18,1
7.99,2.42,4.25,148.26,141.47,2
6.99,3.40,3.77,179.76,212.12,3
8.19,0.48,3.16,182.74,129.06,1
7.01,3.51,3.73,180.15,188.39,3
7.94,1.99,4.36,160.74,140.45,2
7.64,0.98,3.31,175.13,117.63,1
7.16,2.36,4.42,151.07,156.51,2
6.97,3.23,3.71,165.76,187.08,3
7.41,1.14,3.14,166.04,133.93,1
7.69,0.52,3.00,172.18,134.60,1
7.67,1.89,3.88,164.48,158.88,2
7.92,2.48,3.87,166.36,136.61,2
6.53,3.23,3.84,169.76,198.59,3
6.70,3.35,3.72,165.09,231.15,3
8.16,0.66,3.13,175.32,123.06,1
6.72,3.51,3.57,181.51,202.52,3
8.29,0.78,2.93,166.74,109.57,1
8.12,0.58,3.24,152.60,108.56,1
7.94,0.72,2.89,161.05,113.71,1
6.70,3.25,3.75,172.04,221.31,3
8.25,0.50,2.90,153.11,132.58,1
7.70,2.12,4.35,172.39,148.90,2
6.92,3.29,3.83,178.05,192.53,3
7.75,2.40,4.37,148.36,135.14,2
7.31,1.99,4.20,151.95,148.32,2
7.83,0.69,3.02,155.48,112.14,1
6.65,3.43,3.59,183.33,228.44,3
7.41,1.84,4.25,154.97,137.38,2
6.92,3.45,3.74,171.32,193.68,3
7.53,1.81,4.10,162.61,147.49,2
6.78,3.24,3.62,168.98,194.52,3
6.75,3.44,3.83,163.70,215.46,3
8.34,0.87,3.18,159.64,129.50,1
8.07,0.97,3.02,164.95,129.06,1
6.93,3.34,3.60,165.62,214.21,3
7.85,0.89,3.03,152.54,123.34,1
7.92,2.47,3.85,163.44,149.92,2
7.73,2.03,4.43,173.95,156.26,2
8.08,2.09,3.92,165.11,162.59,2
6.70,3.40,3.85,162.39,203.62,3
6.83,3.54,3.86,178.57,223.12,3
6.55,3.26,3.69,167.96,198.11,3
6.53,3.34,3.83,164.75,188.77,3
7.12,2.19,4.12,164.43,136.35,2
6.72,3.54,3.84,186.90,205.32,3
7.08,3.52,3.78,164.23,198.70,3
7.51,2.36,4.01,151.17,162.53,2
7.70,2.29,4.00,173.53,157.73,2
6.69,3.35,3.78,160.20,229.08,3
8.29,1.13,3.34,174.17,130.01,1
7.36,1.03,3.11,151.45,113.99,1
8.04,2.29,3.90,169.68,144.35,2
6.64,3.35,3.80,167.35,228.96,3
6.96,3.25,3.73,174.42,223.77,3
8.06,0.93,2.88,179.54,119.93,1
6.59,3.49,3.70,165.32,191.43,3
7.94,0.95,3.18,162.58,135.05,1
7.69,2.29,4.28,169.16,149.73,2
7.31,2.20,3.86,164.17,147.49,2
6.92,3.53,3.75,163.90,226.32,3
6.58,3.47,3.72,171.40,190.96,3
6.91,3.28,3.78,160.06,228.33,3
7.82,0.92,3.28,174.30,131.30,1
6.85,3.49,3.68,182.78,193.49,3
7.84,0.99,3.11,151.45,119.14,1
6.55,3.37,3.75,159.05,210.36,3
6.58,3.49,3.72,177.72,193.70,3
7.08,2.41,4.01,170.20,148.64,2
7.89,0.98,3.31,153.24,123.51,1
8.08,1.96,4.25,154.40,163.17,2
7.90,2.27,3.82,152.58,140.45,2
7.02,3.41,3.77,186.97,200.20,3
8.19,0.85,3.10,151.38,126.48,1
8.27,0.93,3.16,156.12,109.96,1
7.98,0.53,3.15,164.25,116.57,1
8.09,1.82,3.71,156.68,142.24,2
7.45,2.19,4.41,168.02,151.78,2
6.76,3.27,3.78,173.83,220.68,3
7.54,0.84,3.13,182.10,109.51,1
7.86,0.63,3.17,156.89,122.84,1
8.06,2.21,3.71,155.54,156.38,2
7.62,0.99,3.25,181.78,109.40,1
7.24,2.48,3.98,148.57,155.55,2
6.70,3.24,3.70,178.69,229.83,3
6.82,3.29,3.78,165.05,198.21,3
7.82,2.36,4.47,156.42,156.96,2
8.33,0.83,3.14,172.31,124.02,1
7.28,0.75,3.15,175.13,128.10,1
7.90,2.47,3.95,160.90,146.66,2
7.78,0.66,3.18,155.48,118.70,1
6.49,3.37,3.69,173.54,190.65,3
8.07,1.75,3.93,162.72,154.53,2
8.19,1.10,3.15,157.85,134.94,1
8.06,0.82,3.00,169.24,109.46,1
8.30,1.13,3.33,158.42,113.21,1
7.91,2.04,4.45,160.69,138.78,2
6.73,3.43,3.61,160.16,212.61,3
6.78,3.36,3.76,160.47,210.00,3
8.06,0.69,3.30,170.14,123.06,1
7.21,1.88,4.34,152.16,156.19,2
6.67,3.45,3.79,176.76,191.58,3
8.01,0.61,3.22,164.70,134.82,1
7.87,0.85,2.89,153.30,135.50,1
7.34,1.75,4.00,173.64,164.00,2
8.42,0.58,3.00,176.41,119.37,1
7.10,3.35,3.82,181.30,195.54,3
6.77,3.40,3.83,173.27,230.54,3
7.47,0.91,3.02,167.26,128.72,1
8.09,1.77,4.15,151.64,140.38,2
7.06,3.55,3.84,173.29,202.73,3
6.58,3.52,3.63,177.78,199.76,3
6.87,3.41,3.84,159.57,203.48,3
6.96,3.28,3.72,179.25,190.93,3
6.77,3.51,3.58,185.63,191.11,3
7.47,1.08,2.94,176.86,117.74,1
8.04,0.70,3.03,158.17,134.26,1
7.05,3.39,3.59,171.80,229.46,3
7.47,0.50,3.25,167.38,115.34,1
7.75,2.49,4.24,152.99,152.67,2
8.28,0.49,3.30,153.30,108.95,1
7.93,2.26,3.92,167.60,155.17,2
8.28,0.69,3.04,181.98,116.01,1
6.63,3.31,3.79,168.64,220.19,3
7.07,1.80,3.73,157.36,154.46,2
6.88,3.23,3.72,181.59,200.63,3
6.78,3.44,3.76,185.04,222.83,3
7.53,0.53,2.98,158.81,115.45,1
6.96,3.35,3.63,171.38,188.48,3
7.39,1.83,3.79,165.11,142.43,2
6.71,3.49,3.81,170.33,208.74,3
8.03,0.64,3.21,163.61,115.67,1
7.44,2.10,4.07,153.98,148.96,2
8.35,0.88,3.01,160.09,116.18,1
6.82,3.49,3.68,178.28,228.80,3
7.68,0.51,3.13,164.38,122.73,1
7.35,2.27,3.97,155.02,141.79,2
8.09,2.13,4.13,157.52,145.38,2
7.74,1.88,4.22,155.75,158.50,2
7.76,0.49,2.86,152.73,120.88,1
7.43,2.29,4.40,168.70,162.85,2
7.54,0.66,3.11,181.66,130.29,1
7.82,0.47,3.24,181.34,111.81,1
7.87,2.41,3.71,167.24,137.82,2
7.95,2.30,3.81,162.30,140.70,2
6.93,3.23,3.85,165.41,216.90,3
7.79,2.44,4.31,172.60,150.24,2
7.91,2.22,4.39,151.85,157.15,2
6.48,3.47,3.61,164.26,193.54,3
6.84,3.39,3.84,165.38,201.87,3
6.52,3.49,3.77,171.72,213.42,3
8.39,0.94,3.08,165.53,134.38,1
7.16,2.22,4.16,152.78,161.63,2
6.99,3.32,3.81,186.83,220.80,3
8.04,1.12,3.29,153.56,123.23,1
8.28,0.62,2.86,167.77,122.90,1
7.23,1.85,4.42,151.74,161.63,2
7.58,1.08,3.11,155.86,114.61,1
6.54,3.51,3.62,183.98,223.07,3
6.70,3.30,3.80,170.30,200.24,3
6.60,3.51,3.66,167.86,201.28,3
6.89,3.34,3.80,169.67,199.60,3
7.76,2.39,3.70,154.08,149.09,2
6.61,3.28,3.60,174.06,190.63,3
8.40,0.61,2.88,151.19,115.00,1
7.60,0.99,3.07,182.49,121.27,1
6.64,3.29,3.71,184.51,224.50,3
8.26,0.67,3.14,178.01,132.81,1
7.39,0.86,3.36,179.48,135.66,1
7.23,2.38,4.28,167.97,159.33,2
7.21,2.15,4.14,172.18,133.02,2
7.44,1.74,4.25,168.18,162.34,2
7.70,2.03,3.95,172.96,132.26,2
7.23,2.02,3.98,168.49,146.72,2
7.81,0.71,3.19,174.49,131.58,1
8.41,0.74,3.20,161.18,119.26,1
8.00,2.42,3.80,159.34,158.94,2
6.84,3.34,3.64,173.15,209.16,3
7.54,1.00,2.88,168.60,127.82,1
7.83,0.99,2.89,176.47,109.96,1
8.07,2.29,3.98,156.22,158.18,2
7.34,1.02,3.23,161.05,111.30,1
6.51,3.53,3.59,169.54,229.36,3
6.53,3.53,3.67,164.44,207.97,3
7.06,3.41,3.74,178.07,198.60,3
7.47,1.14,2.91,165.98,127.32,1
7.69,0.76,3.35,179.80,128.22,1
7.00,3.27,3.61,179.78,205.52,3
7.21,2.48,4.13,158.97,156.77,2
7.70,2.06,4.36,149.30,135.33,2
8.41,0.56,2.91,168.15,131.63,1
8.10,1.72,4.17,169.11,154.21,2
7.63,0.68,3.06,166.30,117.46,1
6.59,3.44,3.68,172.41,211.94,3
7.86,2.45,3.77,172.34,152.99,2
7.01,3.45,3.81,180.66,206.69,3
7.91,1.03,3.26,182.42,131.63,1
7.32,2.27,3.96,154.45,139.10,2
6.76,3.50,3.82,184.43,221.85,3
6.68,3.48,3.71,161.65,191.67,3
7.37,0.46,3.32,159.77,110.74,1
7.39,1.74,3.90,166.51,144.61,2
7.48,0.84,2.99,157.53,124.07,1
7.10,2.27,4.07,154.34,161.50,2
7.15,2.32,4.25,158.82,159.58,2
7.95,2.14,4.02,168.33,141.86,2
7.67,1.97,4.03,159.70,137.95,2
8.32,0.55,2.85,155.29,124.97,1
7.69,2.28,4.16,150.81,149.54,2
8.05,0.91,3.24,173.85,130.01,1
7.90,0.84,2.93,172.44,116.90,1
6.79,3.53,3.77,179.32,196.06,3
6.88,3.40,3.78,161.94,196.23,3
7.80,0.50,3.27,169.69,122.34,1
7.77,1.78,4.17,162.98,142.88,2
7.26,2.38,3.73,154.08,140.45,2
6.59,3.36,3.63,170.15,220.05,3
7.92,2.39,3.75,153.46,158.75,2
7.60,2.22,3.90,148.21,149.09,2
8.36,1.04,3.23,162.97,118.42,1
7.39,2.02,4.14,171.97,146.46,2
7.25,1.88,4.00,149.51,147.94,2
7.33,0.78,3.01,179.16,128.89,1
6.93,3.28,3.76,160.60,201.19,3
7.75,1.98,4.08,157.62,138.08,2
7.58,1.76,4.47,150.08,141.28,2
7.16,2.11,3.73,149.92,134.69,2
7.88,1.88,4.14,160.79,135.33,2
7.01,3.35,3.57,164.23,204.52,3
8.00,1.06,3.36,171.16,133.70,1
8.41,0.72,3.08,177.75,122.17,1
7.94,0.54,3.29,169.50,135.10,1
8.34,0.77,3.14,159.38,108.39,1
7.59,1.06,3.17,155.86,113.82,1
7.45,2.01,3.99,150.24,148.77,2
8.22,1.04,2.86,176.79,117.41,1
7.51,0.65,3.38,152.98,109.96,1
7.39,0.87,2.97,166.30,115.00,1
7.50,0.89,3.23,155.42,121.10,1
7.45,1.85,3.85,148.26,150.43,2
7.72,0.50,3.06,171.03,133.20,1
6.65,3.36,3.76,162.48,232.13,3
8.43,0.61,2.95,170.84,112.48,1
6.97,3.49,3.73,177.71,215.04,3
6.84,3.37,3.74,167.11,223.38,3
7.69,0.66,3.25,173.40,108.95,1
7.57,0.70,2.90,167.51,128.10,1
7.80,2.19,4.24,154.50,158.11,2
8.07,0.54,3.11,170.26,120.43,1
7.71,0.71,3.27,180.18,128.22,1
7.63,1.91,3.89,159.96,159.46,2
7.56,1.15,2.99,179.54,116.85,1
7.66,1.81,3.83,164.28,147.23,2
7.58,0.59,3.33,159.26,117.80,1
6.64,3.53,3.56,161.62,194.59,3
6.77,3.49,3.86,170.02,193.03,3
6.53,3.39,3.78,183.36,203.83,3
8.25,0.56,2.99,178.65,134.38,1
6.97,3.46,3.76,173.79,203.38,3
6.51,3.48,3.56,163.00,212.78,3
6.78,3.32,3.81,179.29,194.86,3
7.52,2.33,3.89,169.16,160.10,2
7.90,1.11,3.18,177.11,113.82,1
7.54,0.80,3.03,170.78,124.91,1
7.91,1.81,4.10,157.15,148.77,2
7.09,2.38,4.24,156.22,146.27,2
6.48,3.49,3.66,160.26,190.61,3
6.63,3.47,3.72,162.42,193.03,3
7.79,0.53,3.33,166.55,109.74,1
7.78,2.40,3.71,158.97,162.46,2
7.86,1.80,4.23,170.93,162.66,2
7.96,0.60,3.16,183.00,113.71,1
7.92,0.57,3.06,157.98,128.10,1
8.07,2.49,4.32,165.37,136.16,2
7.34,2.43,3.71,173.38,144.03,2
6.88,3.49,3.74,174.93,198.92,3
7.30,1.73,4.40,156.68,132.83,2
7.91,2.46,3.76,164.69,152.93,2
7.58,1.98,3.90,160.01,161.25,2
7.31,0.60,3.20,176.02,126.93,1
8.36,0.54,3.30,177.75,125.14,1
7.82,1.15,3.39,170.52,134.88,1
6.79,3.24,3.56,173.21,219.37,3
7.94,1.14,3.01,182.49,119.14,1
7.54,0.51,3.00,180.31,135.50,1
6.90,3.53,3.71,175.90,221.53,3
7.58,2.15,3.78,149.82,162.02,2
8.28,0.86,3.35,157.46,135.27,1
6.50,3.29,3.63,160.14,229.10,3
7.99,2.05,4.09,173.95,136.16,2
7.43,2.05,3.91,171.76,152.22,2
7.50,2.05,3.97,161.47,154.78,2
7.61,0.87,2.96,166.04,118.81,1
7.89,1.81,3.69,164.95,161.57,2
8.01,1.13,3.20,167.06,117.74,1
7.33,2.03,4.26,164.12,152.54,2
8.27,0.88,2.93,174.23,117.74,1
7.57,2.00,3.88,168.54,160.67,2
7.01,3.26,3.79,163.73,195.17,3
7.42,2.00,3.73,167.45,147.68,2
6.53,3.27,3.75,162.43,219.03,3
7.34,2.03,3.96,171.97,145.76,2
8.36,0.59,2.97,160.92,112.03,1
7.00,3.36,3.56,160.10,228.66,3
8.00,2.46,4.29,173.43,163.81,2
8.23,1.10,3.35,161.50,121.55,1
7.67,1.14,2.90,168.22,135.66,1
6.63,3.38,3.62,176.79,216.51,3
7.34,2.09,3.98,159.02,162.72,2
6.71,3.25,3.58,161.45,195.07,3
6.75,3.40,3.78,159.80,187.63,3
7.61,1.11,3.19,169.69,126.14,1
7.05,3.54,3.56,184.56,205.42,3
7.69,2.42,4.22,164.54,148.32,2
7.60,1.74,3.99,165.32,145.38,2
8.02,1.85,3.74,159.13,149.34,2
6.67,3.42,3.57,179.12,204.39,3
7.36,1.13,2.90,177.30,112.09,1
7.64,0.46,3.37,162.58,125.36,1
8.19,0.81,3.15,171.99,130.96,1
7.60,0.76,3.31,151.13,108.28,1
6.55,3.38,3.61,168.11,195.38,3
6.57,3.27,3.70,184.39,204.67,3
7.59,1.86,4.13,153.82,132.26,2
7.35,2.23,4.30,158.30,138.91,2
6.63,3.26,3.79,165.20,215.60,3
7.85,0.88,3.22,159.26,130.62,1
8.43,1.10,2.94,158.68,117.58,1
7.52,2.47,4.09,170.20,150.30,2
7.34,2.48,3.76,165.94,132.26,2
7.03,3.44,3.86,177.91,223.32,3
6.76,3.39,3.70,174.77,217.45,3
6.72,3.31,3.70,185.35,195.78,3
7.81,0.91,2.99,170.07,110.46,1
7.98,0.55,3.04,151.90,121.78,1
8.11,1.10,3.27,166.30,110.07,1
6.85,3.40,3.73,165.25,195.96,3
6.59,3.50,3.73,172.15,210.07,3
7.85,1.15,3.16,176.60,116.68,1
6.47,3.28,3.84,186.58,198.48,3
7.53,2.00,4.06,165.78,159.84,2
7.80,2.17,4.42,173.69,144.48,2
7.89,1.88,3.81,166.25,159.52,2
7.02,3.37,3.56,170.78,212.69,3
7.27,0.64,2.96,155.29,116.79,1
8.43,0.78,3.33,181.85,118.98,1
7.48,1.03,2.99,159.38,110.52,1
8.15,0.76,3.01,178.01,118.64,1
8.28,0.88,2.99,154.01,114.38,1
7.90,2.06,3.72,165.68,139.10,2
6.55,3.51,3.59,163.64,206.16,3
7.19,2.35,3.91,148.83,162.14,2
6.70,3.27,3.79,163.50,202.91,3
8.41,0.93,3.19,166.87,117.97,1
7.62,2.07,4.46,171.92,159.84,2
7.66,1.06,2.91,168.98,122.50,1
7.52,0.49,3.24,164.38,120.15,1
7.37,2.39,4.14,164.22,133.79,2
7.97,2.26,3.87,153.20,142.88,2
7.66,2.24,4.40,163.13,163.49,2
7.62,0.81,2.98,165.78,126.65,1
7.71,2.10,3.71,166.20,148.90,2
7.96,0.56,3.25,159.13,127.21,1
6.89,3.42,3.79,180.11,199.31,3
7.85,1.76,3.96,157.15,133.60,2
8.34,0.66,3.27,178.26,114.55,1
7.88,1.03,2.91,168.02,131.18,1
7.69,1.06,3.02,178.90,134.32,1
6.67,3.30,3.56,177.73,209.59,3
6.73,3.44,3.60,183.45,219.85,3
6.51,3.45,3.79,160.86,230.98,3
7.60,0.60,3.11,156.50,127.10,1
7.87,1.88,3.85,160.06,162.98,2
7.84,2.25,3.78,161.83,143.65,2
8.39,1.03,3.19,178.97,113.60,1
7.01,3.26,3.72,186.88,219.59,3
6.82,3.43,3.84,163.85,223.94,3
7.55,1.01,3.32,166.87,109.79,1
6.95,3.27,3.75,175.84,197.72,3
7.87,2.16,3.90,157.98,132.38,2
6.51,3.52,3.78,177.94,211.76,3
7.61,2.25,4.01,154.34,159.46,2
7.82,0.64,3.29,166.74,108.22,1
6.52,3.28,3.83,168.72,227.40,3
7.05,3.29,3.78,177.89,218.29,3
7.32,2.42,3.80,148.52,160.22,2
7.09,3.41,3.68,159.37,232.26,3
6.97,3.26,3.57,168.86,191.01,3
8.18,0.68,3.25,173.40,129.50,1
7.67,1.00,3.14,155.42,113.99,1
6.57,3.49,3.80,175.97,201.25,3
8.42,0.99,3.16,168.02,114.72,1
7.66,0.52,3.39,175.45,123.46,1
7.06,3.45,3.61,159.32,229.33,3
8.40,1.13,2.96,179.03,108.62,1
7.90,0.64,2.95,179.16,119.87,1
6.63,3.54,3.83,170.81,216.63,3
7.94,1.14,3.16,171.48,117.52,1
6.55,3.37,3.64,165.92,226.21,3
7.52,0.64,2.87,169.37,113.49,1
7.31,2.29,3.79,152.52,148.96,2
7.61,0.58,2.97,163.99,118.36,1
7.71,0.96,3.04,158.10,118.08,1
7.83,1.78,3.84,153.41,157.73,2
8.06,1.86,3.76,164.43,154.72,2
7.43,0.63,3.30,157.72,116.46,1
7.60,0.67,2.93,156.82,117.52,1
7.75,2.30,4.01,148.47,150.30,2
7.37,2.23,4.11,165.78,159.97,2
7.72,2.26,3.84,162.56,149.79,2
6.47,3.52,3.78,166.76,218.71,3
6.64,3.32,3.76,166.23,214.53,3
8.08,0.91,3.19,175.45,117.63,1
6.76,3.50,3.85,183.90,230.43,3
7.54,0.50,2.86,157.91,127.26,1
7.44,0.67,2.98,174.30,124.13,1
8.34,0.84,3.29,174.81,114.89,1
7.72,2.40,3.73,171.50,142.30,2
6.64,3.25,3.62,172.31,211.19,3
7.16,2.42,3.96,168.54,155.49,2
7.31,0.59,3.02,179.54,119.54,1
7.88,1.82,3.76,168.59,150.43,2
7.98,1.01,3.22,155.86,111.36,1
7.07,3.43,3.83,159.66,190.84,3
6.77,3.47,3.85,185.55,215.29,3
7.07,2.11,3.89,155.12,134.94,2
7.96,1.74,4.17,164.54,136.80,2
7.72,2.06,4.40,150.91,153.38,2
7.68,0.87,3.14,180.63,132.75,1
7.82,2.30,3.77,159.86,157.54,2
6.76,3.35,3.60,184.80,196.13,3
6.74,3.54,3.80,175.99,214.27,3
6.99,3.26,3.58,176.41,193.35,3
7.93,0.74,3.25,155.61,117.07,1
6.87,3.49,3.84,184.15,195.04,3
7.15,2.21,4.24,149.92,133.28,2
8.39,0.67,2.93,168.47,134.49,1
7.43,2.26,4.30,157.26,159.46,2
7.72,2.10,4.42,165.47,141.54,2
8.11,0.76,3.34,151.64,126.26,1
6.80,3.42,3.75,179.03,209.94,3
7.33,0.60,3.32,168.09,116.46,1
7.79,2.45,4.00,155.54,156.45,2
6.95,3.50,3.58,168.67,187.40,3
6.52,3.42,3.67,160.56,205.89,3
8.08,0.69,3.09,161.88,119.59,1
7.99,0.49,2.85,170.01,114.55,1
6.70,3.53,3.74,168.82,200.63,3
7.48,0.47,2.97,158.62,120.10,1
8.10,1.95,4.42,150.24,153.38,2
8.02,2.41,4.44,156.32,156.90,2
6.80,3.40,3.78,159.18,187.58,3
6.65,3.36,3.65,165.55,197.88,3
7.11,1.92,3.82,148.73,134.37,2
6.74,3.41,3.66,166.42,228.16,3
7.82,1.11,3.38,162.39,121.55,1
8.06,2.12,4.45,173.84,132.45,2
6.62,3.41,3.58,173.49,231.13,3
7.43,1.76,4.43,162.92,133.92,2
6.65,3.28,3.70,176.05,188.01,3
7.09,3.46,3.64,159.12,217.25,3
8.23,1.09,2.91,180.82,128.83,1
6.84,3.32,3.74,174.71,210.01,3
7.43,0.84,2.91,178.52,127.99,1
7.92,2.48,4.13,156.11,138.72,2
7.11,2.25,4.08,155.85,154.02,2
7.06,3.25,3.83,174.54,195.10,3
7.55,1.08,2.86,168.47,114.55,1
6.77,3.24,3.57,183.87,203.55,3
7.86,2.08,4.28,149.72,133.28,2
7.13,2.39,4.19,157.15,142.37,2
6.63,3.43,3.64,183.16,228.51,3
6.63,3.43,3.78,164.81,205.28,3
7.18,2.23,3.75,160.64,154.02,2
8.06,2.03,3.81,148.94,153.95,2
6.98,3.44,3.74,175.61,206.83,3
7.62,2.08,4.22,169.22,158.24,2
6.85,3.52,3.83,184.90,205.46,3
8.09,1.14,2.89,172.50,108.78,1
6.64,3.44,3.73,178.73,230.66,3
7.51,0.64,3.20,182.36,109.18,1
6.61,3.41,3.82,162.14,224.19,3
6.85,3.38,3.56,180.38,229.81,3
6.93,3.41,3.72,175.67,221.05,3
8.23,0.58,2.94,155.29,128.33,1
8.38,1.15,3.11,157.40,124.86,1
6.94,3.33,3.57,172.61,232.17,3
7.37,2.15,3.70,158.71,146.08,2
7.27,0.73,2.96,162.78,135.72,1
6.54,3.31,3.56,185.69,220.67,3
8.24,0.47,2.91,156.18,120.60,1
7.63,2.05,4.18,169.89,133.28,2
6.58,3.28,3.87,160.85,232.66,3
8.27,1.05,3.26,166.55,114.89,1
7.74,2.39,3.77,153.77,155.49,2
7.52,2.23,4.09,160.01,162.66,2
7.91,0.82,3.32,181.46,134.82,1
7.78,2.36,4.38,165.11,134.75,2
6.77,3.27,3.80,168.73,204.21,3
7.32,2.32,4.06,155.80,157.28,2
6.91,3.37,3.56,173.41,195.90,3
8.08,0.55,3.07,156.18,110.80,1
7.18,2.45,3.71,154.45,141.60,2
7.24,1.98,3.71,165.89,148.32,2
8.00,0.60,3.02,175.26,123.18,1
7.42,2.39,4.07,160.27,132.45,2
7.47,0.68,3.00,164.50,117.86,1
7.42,1.16,3.26,178.01,127.21,1
7.46,2.43,3.74,172.44,133.92,2
6.74,3.41,3.56,177.85,220.99,3
8.10,2.02,3.74,161.16,158.30,2
8.06,2.24,4.30,153.36,135.07,2
6.78,3.31,3.62,180.62,206.30,3
7.78,2.17,4.46,149.56,156.00,2
7.73,2.22,4.40,159.23,148.64,2
6.87,3.27,3.79,180.96,187.51,3
7.49,1.96,4.29,165.99,135.46,2
7.05,3.48,3.86,181.74,210.50,3
8.31,0.87,2.89,151.26,129.39,1
7.64,2.26,3.81,166.10,141.60,2
8.33,0.48,3.16,179.35,112.98,1
6.92,3.47,3.75,163.69,200.11,3
7.86,2.18,4.34,165.58,147.36,2
6.58,3.49,3.81,178.97,230.57,3
8.29,0.74,3.22,174.81,121.72,1
7.90,1.73,3.70,153.15,141.98,2
7.96,0.80,2.92,165.02,126.54,1
7.60,1.75,4.18,165.37,146.08,2
8.08,2.43,3.91,165.63,154.59,2
7.34,1.05,2.95,177.30,116.29,1
7.53,2.11,4.05,150.96,145.76,2
8.07,1.80,4.35,160.32,135.65,2
6.84,3.33,3.57,170.48,192.76,3
8.04,0.73,2.93,165.02,134.88,1
7.73,1.09,3.10,151.19,120.10,1
8.00,0.77,3.02,161.75,129.28,1
7.35,2.18,3.69,148.21,149.09,2
6.49,3.38,3.86,170.32,209.48,3
6.80,3.53,3.68,176.75,206.57,3
8.33,0.76,3.11,166.17,125.30,1
7.78,1.91,4.03,156.16,148.70,2
7.02,3.55,3.86,179.19,212.94,3
7.56,1.06,3.30,156.12,110.02,1
8.42,0.90,2.98,170.46,135.38,1
7.63,2.41,3.85,152.11,133.02,2
7.91,2.17,4.10,161.88,155.74,2
7.93,0.98,3.28,158.04,129.17,1
7.34,0.58,3.00,177.75,131.24,1
8.35,0.49,3.29,176.79,116.74,1
8.28,0.92,3.35,167.58,127.60,1
7.10,2.22,4.20,153.15,143.20,2
7.74,1.08,3.12,161.94,112.20,1
6.66,3.38,3.72,160.48,192.19,3
6.53,3.39,3.68,184.22,210.75,3
8.26,0.88,2.88,161.30,114.66,1
8.06,0.57,2.93,172.31,116.57,1
7.35,0.87,2.99,182.30,132.42,1
8.39,0.71,3.15,177.37,119.20,1
8.07,1.97,4.40,166.04,155.10,2
6.71,3.37,3.59,166.01,209.93,3
6.55,3.47,3.85,186.86,213.41,3
7.46,1.08,3.22,160.02,132.47,1
6.99,3.30,3.58,165.33,232.54,3
7.73,2.39,4.23,152.32,147.55,2
7.46,0.84,2.99,159.32,114.50,1
7.74,2.34,3.95,163.24,144.80,2
6.46,3.28,3.78,175.59,197.72,3
7.86,0.87,2.90,178.78,131.74,1
8.25,1.15,3.08,166.55,125.14,1
6.92,3.33,3.86,174.32,211.76,3
7.67,2.30,3.71,170.36,155.55,2
7.43,2.10,4.35,171.14,159.58,2
6.91,3.54,3.82,168.96,214.79,3
7.52,2.26,4.16,157.15,137.89,2
7.97,1.09,3.01,175.90,133.93,1
6.63,3.34,3.62,165.40,204.35,3
7.59,1.07,3.33,153.05,130.29,1
7.43,0.51,3.06,152.22,110.24,1
8.32,0.49,3.03,179.67,122.73,1
6.58,3.49,3.55,160.37,222.44,3
7.77,2.49,4.37,150.39,159.90,2
7.07,3.53,3.87,172.93,188.36,3
6.82,3.33,3.59,159.19,190.99,3
7.23,0.86,3.24,166.87,130.96,1
6.78,3.40,3.60,177.24,196.26,3
8.08,2.20,4.31,158.45,139.68,2
6.49,3.32,3.70,169.74,201.17,3
7.53,2.27,3.99,148.78,146.34,2
8.13,0.61,2.97,156.76,135.83,1
7.24,2.49,4.33,169.22,141.98,2
8.23,1.13,3.14,161.88,119.42,1
7.71,2.07,4.39,149.40,164.00,2
7.62,1.05,3.26,163.48,113.21,1
6.90,3.32,3.78,181.44,198.84,3
7.51,0.75,3.15,155.16,119.59,1
6.92,3.53,3.80,183.38,232.88,3
6.90,3.50,3.79,177.51,202.19,3
8.11,2.35,3.70,158.30,163.94,2
6.58,3.43,3.87,183.10,200.98,3
7.39,0.56,3.01,181.08,120.94,1
7.22,0.59,3.00,177.18,111.75,1
7.40,2.00,3.99,148.99,134.75,2
7.89,0.64,3.22,154.71,121.22,1
6.51,3.24,3.76,167.52,216.86,3
6.86,3.33,3.87,175.21,219.13,3
6.88,3.29,3.62,162.85,232.86,3
8.28,0.83,3.14,168.73,119.59,1
6.49,3.41,3.82,179.94,209.19,3
6.97,3.26,3.80,165.06,204.31,3
6.56,3.28,3.66,178.91,197.31,3
8.10,1.95,4.19,170.20,144.67,2
7.80,1.76,3.81,161.94,144.48,2
7.81,1.91,4.16,167.03,159.33,2
8.29,0.52,2.92,155.61,127.82,1
8.31,0.59,3.02,174.30,128.66,1
7.79,1.85,4.30,170.00,142.62,2
7.24,1.71,4.08,162.20,141.09,2
7.88,2.04,4.07,160.48,136.03,2
8.19,0.85,3.25,171.93,135.55,1
6.52,3.32,3.60,173.24,215.18,3
6.83,3.41,3.87,164.30,204.52,3
7.68,0.78,2.94,166.81,130.18,1
6.86,3.38,3.58,178.20,194.72,3
7.23,1.76,4.47,156.22,158.56,2
7.01,3.38,3.68,177.69,215.07,3
8.27,0.92,3.04,172.76,108.34,1
7.98,0.59,3.38,174.81,118.30,1
6.58,3.42,3.83,170.70,202.06,3
8.07,1.77,3.84,163.60,134.94,2
7.26,2.33,3.85,170.46,144.93,2
7.51,0.65,3.04,154.07,115.56,1
7.87,1.75,4.35,172.39,132.19,2
7.39,0.63,2.88,162.97,116.62,1
6.61,3.40,3.60,171.85,199.06,3
7.51,1.08,2.95,165.02,125.58,1
7.55,2.02,3.71,163.03,139.42,2
7.08,3.50,3.58,183.82,210.42,3
7.06,3.28,3.86,182.09,214.89,3
8.21,0.91,3.16,174.62,117.80,1
7.97,0.87,2.95,181.91,123.57,1
8.18,1.09,3.16,174.04,130.12,1
6.76,3.34,3.65,164.20,209.34,3
7.62,2.49,3.96,172.91,161.95,2
7.61,2.40,3.88,166.15,158.24,2
6.80,3.28,3.75,173.91,190.13,3
7.69,2.14,4.40,156.06,145.82,2
7.29,1.00,2.99,172.57,124.07,1
6.66,3.47,3.58,164.78,229.61,3
7.58,2.08,4.33,154.19,160.74,2
7.97,0.91,3.28,169.82,118.81,1
7.52,1.89,4.03,152.11,155.17,2
7.63,2.10,4.27,160.69,135.65,2
7.65,2.24,4.21,152.06,161.70,2
6.62,3.31,3.75,183.78,197.97,3
7.06,3.46,3.71,168.94,229.49,3
6.91,3.46,3.73,160.89,189.48,3
6.76,3.42,3.75,166.00,209.80,3
6.99,3.32,3.71,161.84,204.27,3
7.08,3.24,3.83,185.81,203.18,3
6.80,3.34,3.63,182.83,229.05,3
8.40,1.00,2.91,161.69,119.14,1
6.82,3.39,3.67,161.28,214.39,3
6.79,3.49,3.62,175.75,190.93,3
7.73,0.89,3.23,176.15,111.19,1
7.46,0.96,3.32,152.09,133.42,1
7.84,0.64,3.35,153.37,123.23,1
8.20,1.14,3.17,155.10,113.10,1
6.55,3.53,3.79,182.40,219.40,3
7.25,2.44,3.94,154.81,146.34,2
6.85,3.36,3.86,186.53,202.22,3
8.00,0.51,2.88,168.02,115.17,1
7.05,3.43,3.71,178.05,190.63,3
8.30,0.99,3.13,177.05,116.01,1
8.14,0.94,2.89,153.82,117.91,1
7.73,2.39,4.08,165.26,136.61,2
7.91,0.92,3.00,177.82,111.70,1
7.93,1.01,3.36,168.47,127.26,1
7.95,2.11,3.70,151.43,161.70,2
8.01,1.89,4.16,149.87,156.70,2
7.85,1.15,3.20,157.91,135.16,1
7.40,1.72,4.09,154.50,140.96,2
6.83,3.39,3.69,172.00,194.59,3
7.68,1.84,4.10,171.66,138.91,2
7.48,1.95,4.34,172.70,151.14,2
7.37,1.89,4.43,169.32,141.79,2
6.63,3.27,3.73,186.33,189.84,3
7.05,3.26,3.75,171.95,231.44,3
7.91,2.21,4.31,166.46,161.25,2
7.51,0.91,3.22,169.94,111.30,1
7.64,0.87,2.99,158.87,117.97,1
7.93,0.99,3.20,158.49,113.77,1
7.37,1.09,2.93,166.49,134.88,1
8.30,0.70,3.24,161.62,108.95,1
7.04,3.52,3.59,161.56,199.66,3
6.60,3.29,3.79,174.25,188.77,3
7.15,2.05,4.15,167.03,142.43,2
8.02,2.32,4.01,154.50,163.17,2
7.24,0.88,3.06,152.09,127.66,1
8.20,0.57,2.87,166.42,132.58,1
7.11,2.48,3.77,156.22,141.15,2
6.52,3.51,3.72,169.78,209.75,3
8.20,0.60,2.86,151.83,117.18,1
6.69,3.30,3.62,178.55,195.29,3
7.02,3.54,3.65,159.54,187.94,3
6.97,3.43,3.67,175.23,189.11,3
8.05,2.31,3.94,163.44,156.64,2
8.43,0.83,2.90,164.63,132.08,1
7.82,2.10,4.05,166.88,149.47,2
7.05,3.41,3.62,164.62,201.54,3
7.49,2.11,4.28,171.66,159.78,2
7.26,1.85,3.89,161.94,145.95,2
7.49,1.75,3.73,161.88,160.86,2
7.29,2.20,4.19,151.02,134.69,2
7.10,3.32,3.57,166.69,230.16,3
6.56,3.53,3.64,166.04,198.39,3
7.52,2.27,4.39,155.85,154.02,2
6.82,3.25,3.66,186.82,203.26,3
7.02,3.47,3.63,163.28,212.03,3
6.65,3.36,3.60,163.45,214.89,3
7.16,2.47,4.18,163.29,142.69,2
8.07,2.12,4.40,160.27,152.22,2
7.73,2.21,4.20,163.24,150.05,2
7.43,2.39,4.41,159.02,133.41,2
7.83,1.15,3.03,178.26,128.55,1
7.56,2.45,4.06,167.24,148.90,2
8.14,0.70,2.96,180.63,114.94,1
7.41,0.64,2.92,169.94,132.30,1
6.56,3.24,3.66,179.79,188.63,3
7.98,0.50,3.07,157.40,129.28,1
7.24,1.75,4.08,148.31,142.37,2
7.34,2.39,4.01,148.52,135.39,2
7.91,2.20,4.34,152.26,156.26,2
7.72,0.72,3.37,169.05,112.37,1
7.01,3.39,3.73,173.08,226.26,3
6.95,3.31,3.81,172.04,191.98,3
7.97,0.81,2.87,151.13,125.19,1
7.04,3.23,3.67,162.20,220.39,3
7.38,0.76,2.93,157.02,128.50,1
7.97,0.52,2.90,156.06,130.46,1
7.13,1.84,3.76,162.04,143.39,2
8.08,1.95,3.80,159.86,147.30,2
8.23,1.06,2.95,159.64,116.40,1
6.70,3.25,3.81,165.38,195.87,3
7.38,2.09,3.69,157.41,162.14,2
7.51,0.88,3.18,161.37,124.74,1
6.99,3.50,3.67,162.29,206.70,3
7.17,1.92,3.86,164.64,136.99,2
6.63,3.42,3.79,169.49,229.93,3
8.04,1.11,3.11,175.51,134.49,1
7.94,1.03,3.33,177.18,116.62,1
6.48,3.29,3.62,171.16,210.21,3
7.67,2.14,4.20,148.99,146.85,2
6.73,3.37,3.85,167.62,212.66,3
7.60,2.48,4.12,149.46,155.30,2
8.00,2.29,4.21,167.97,162.59,2
6.94,3.34,3.80,164.90,222.77,3
6.66,3.45,3.66,162.81,194.42,3
6.49,3.43,3.57,175.11,194.46,3
7.24,1.83,4.15,149.40,135.65,2
7.03,3.51,3.81,171.93,197.76,3
7.65,2.41,4.25,154.81,157.34,2
6.74,3.40,3.74,185.04,193.61,3
6.73,3.26,3.73,168.87,200.51,3
8.12,0.64,3.03,181.46,121.89,1
7.78,2.18,3.85,158.87,146.14,2
6.47,3.30,3.76,170.84,231.06,3
6.57,3.28,3.69,165.66,227.10,3
7.35,1.98,3.98,171.71,151.58,2
6.73,3.42,3.69,168.77,225.47,3
7.64,2.46,3.86,165.89,149.47,2
6.99,3.51,3.85,170.14,203.49,3
7.46,0.69,3.25,160.22,116.62,1
7.85,0.70,3.22,178.52,133.76,1
7.29,0.88,3.24,168.28,110.13,1
6.78,3.39,3.74,167.48,198.07,3
8.42,0.49,3.37,160.60,113.04,1
7.98,0.56,3.29,164.25,126.87,1
8.01,2.29,4.23,173.53,159.07,2
7.73,1.10,3.08,158.30,120.99,1
7.70,1.76,4.19,162.46,159.20,2
7.62,2.30,3.91,170.00,162.78,2
8.03,1.96,3.74,154.76,134.94,2
6.56,3.46,3.78,160.94,211.32,3
7.31,1.16,3.02,159.19,116.23,1
6.52,3.30,3.78,179.24,191.98,3
6.91,3.26,3.77,163.73,223.67,3
6.57,3.28,3.67,167.51,206.93,3
7.29,0.75,2.97,180.95,121.44,1
6.69,3.26,3.85,161.00,203.72,3
7.70,0.49,2.99,166.49,120.21,1
8.02,0.90,3.35,153.69,120.88,1
8.10,2.12,4.43,171.66,163.68,2
6.93,3.32,3.60,166.03,212.24,3
6.74,3.42,3.86,164.72,219.45,3
7.37,2.07,3.71,153.04,133.98,2
8.06,0.73,3.27,172.38,130.34,1
8.03,2.08,4.46,168.49,151.46,2
7.75,2.22,3.85,150.13,150.30,2
6.88,3.51,3.72,170.37,225.03,3
6.83,3.28,3.80,169.90,226.33,3
7.26,1.78,3.73,169.06,146.98,2
8.09,0.62,3.26,158.87,114.94,1
6.59,3.46,3.60,166.97,196.00,3
6.48,3.31,3.67,184.45,226.25,3
7.86,2.02,3.77,168.54,136.93,2
7.82,2.16,4.02,172.39,155.81,2
6.99,3.43,3.71,174.22,209.64,3
7.09,2.20,4.33,168.75,132.38,2
7.32,2.03,4.45,150.76,161.70,2
6.95,3.55,3.65,172.27,196.51,3
6.67,3.49,3.84,160.22,220.24,3
6.86,3.39,3.61,180.50,201.74,3
7.52,2.22,4.34,151.33,154.14,2
8.00,2.00,4.43,159.75,148.26,2
8.03,2.16,4.05,170.72,143.46,2
7.78,1.11,3.04,155.29,118.42,1
7.57,2.45,4.25,154.45,146.72,2
7.87,1.84,3.90,171.50,158.50,2
6.84,3.54,3.79,178.48,198.01,3
7.79,0.93,2.95,164.38,127.15,1
7.41,0.60,2.99,154.01,135.55,1
7.43,0.83,3.15,168.92,114.27,1
7.80,0.67,3.03,163.29,124.63,1
7.69,0.99,2.85,166.68,115.84,1
8.08,1.96,3.84,160.48,133.47,2
6.66,3.52,3.72,181.62,213.84,3
7.71,2.13,3.72,150.60,156.00,2
7.92,2.20,4.11,152.16,136.67,2
8.24,0.91,2.96,173.78,130.23,1
7.19,2.03,3.83,158.66,160.22,2
7.53,0.46,3.15,159.38,109.51,1
8.09,1.12,3.36,169.30,121.61,1
6.99,3.53,3.71,178.59,197.81,3
8.37,0.77,3.02,155.67,124.52,1
7.01,3.41,3.86,170.13,227.44,3
6.94,3.28,3.60,161.98,230.05,3
6.57,3.29,3.69,170.41,200.79,3
7.42,0.88,3.38,159.51,109.06,1
7.80,2.03,3.82,151.33,162.91,2
7.69,1.91,4.03,164.90,145.38,2
6.97,3.49,3.79,172.73,213.23,3
6.52,3.54,3.55,175.97,231.38,3
8.01,0.49,3.14,164.44,135.83,1
7.59,2.47,4.09,152.26,138.98,2
6.99,3.43,3.72,174.01,231.77,3
6.62,3.40,3.80,174.43,221.03,3
7.98,1.89,4.14,172.44,137.12,2
7.41,2.15,4.04,171.09,154.59,2
7.37,1.98,4.08,171.24,163.04,2
6.74,3.37,3.80,186.61,220.18,3
8.40,1.00,2.88,166.23,133.87,1
6.98,3.50,3.80,180.26,196.73,3
7.58,1.93,3.70,165.73,157.79,2
7.29,0.78,3.26,176.92,135.55,1
7.23,0.50,3.35,161.69,127.54,1
6.52,3.33,3.80,167.60,195.74,3
6.46,3.50,3.66,173.73,224.78,3
7.51,2.40,4.18,172.28,148.70,2
6.60,3.31,3.64,164.07,205.36,3
7.98,0.84,3.28,173.78,133.59,1
7.03,3.35,3.57,177.96,230.87,3
7.44,2.13,4.43,164.59,148.38,2
7.99,1.86,3.80,173.17,149.34,2
7.10,2.13,3.84,167.76,141.09,2
8.14,0.56,3.02,177.43,113.94,1
7.09,3.50,3.71,182.77,227.47,3
6.98,3.26,3.64,178.92,214.83,3
7.35,0.72,3.27,174.04,131.91,1
7.21,1.04,3.26,177.30,110.35,1
7.60,0.82,2.91,161.69,135.38,1
7.01,3.49,3.82,172.42,218.89,3
8.09,0.82,3.16,176.28,109.23,1
7.18,2.06,3.81,156.79,148.19,2
7.86,2.37,3.91,162.98,160.03,2
8.26,0.60,2.91,152.41,115.34,1
8.04,1.96,4.30,163.34,134.94,2
6.53,3.53,3.64,167.44,210.08,3
7.17,2.15,4.24,158.56,139.23,2
7.10,2.29,4.08,166.56,134.24,2
6.71,3.47,3.74,160.14,189.01,3
6.88,3.29,3.84,169.38,225.39,3
7.93,0.98,2.92,158.62,120.10,1
7.36,2.35,4.09,157.46,146.02,2
8.22,1.06,2.95,179.67,116.85,1
8.15,0.77,3.02,182.49,135.89,1
6.79,3.27,3.60,182.49,223.20,3
7.90,0.78,3.04,152.28,114.16,1
7.00,3.37,3.74,185.49,201.83,3
6.85,3.37,3.74,176.70,221.43,3
7.67,0.97,3.26,179.10,117.18,1
7.34,2.44,4.47,161.78,136.03,2
7.21,1.16,2.99,180.95,117.63,1
8.23,1.12,2.88,154.97,108.45,1
8.43,0.78,3.02,176.34,128.94,1
6.93,3.50,3.59,185.70,218.28,3
6.65,3.31,3.66,180.37,195.29,3
7.70,0.50,3.02,169.50,110.30,1
7.05,3.50,3.86,172.23,230.18,3
7.09,3.34,3.68,184.34,208.15,3
8.10,0.86,3.05,178.39,126.09,1
7.43,1.07,3.19,153.82,122.95,1
7.59,1.98,3.86,169.06,163.23,2
7.58,0.47,3.13,163.35,111.30,1
7.15,2.24,3.76,169.27,138.53,2
8.16,0.89,3.07,178.65,116.51,1
7.55,0.70,2.89,173.14,123.96,1
7.99,2.32,3.69,154.14,140.70,2
7.46,0.84,2.87,166.04,124.74,1
7.34,0.48,3.15,167.77,128.38,1
7.30,2.31,4.31,164.85,135.14,2
7.51,2.25,4.30,165.11,144.22,2
7.79,2.18,4.39,161.31,161.95,2
7.96,0.73,3.31,175.19,111.75,1
7.88,1.93,4.47,151.90,141.28,2
7.86,0.72,3.04,160.86,123.29,1
8.02,0.53,3.37,178.20,121.61,1
6.98,3.47,3.78,161.08,217.69,3
7.05,3.41,3.69,184.68,232.15,3
7.84,0.68,3.15,172.38,127.99,1
6.72,3.34,3.65,181.84,211.00,3
7.83,0.52,3.26,179.42,130.51,1
7.41,2.19,3.81,160.22,133.79,2
7.60,2.27,4.37,155.75,143.90,2
7.07,3.48,3.83,168.60,201.38,3
8.37,0.66,3.30,171.99,111.14,1
8.08,2.05,4.18,151.54,163.87,2
6.89,3.26,3.60,171.25,211.86,3
7.64,1.76,4.41,166.93,140.64,2
7.36,0.62,3.32,162.90,122.06,1
7.62,1.96,4.38,154.66,143.97,2
7.01,3.54,3.62,186.91,218.13,3
6.74,3.50,3.63,164.53,192.54,3
7.41,0.84,3.01,159.06,125.19,1
7.97,0.56,3.37,161.30,110.86,1
8.36,1.13,3.19,162.97,123.34,1
7.65,1.96,3.87,172.18,135.97,2
6.51,3.52,3.77,171.22,217.22,3
6.94,3.34,3.58,168.15,222.84,3
7.40,1.05,2.92,157.53,108.73,1
7.67,2.23,4.47,161.78,136.67,2
7.22,1.89,4.42,152.16,142.24,2
7.77,0.83,3.19,170.14,109.96,1
6.46,3.38,3.72,165.54,199.95,3
7.34,1.05,3.30,182.23,128.05,1
7.48,2.17,3.92,172.44,140.32,2
6.85,3.44,3.59,178.90,231.86,3
7.21,2.18,4.41,167.50,146.46,2
7.09,3.26,3.74,177.32,214.54,3
8.23,0.53,2.96,166.68,135.72,1
8.40,0.58,3.17,167.19,114.22,1
6.54,3.40,3.78,169.30,191.44,3
7.47,2.08,4.08,168.54,142.18,2
8.32,0.76,3.05,160.22,122.34,1
7.49,2.08,4.06,157.93,145.70,2
6.71,3.26,3.71,173.76,228.12,3
7.29,0.88,3.38,161.50,127.66,1
7.63,1.75,4.22,172.80,154.34,2
7.27,0.58,3.00,163.42,109.90,1
7.83,0.94,3.25,171.03,119.98,1
7.99,2.43,3.82,159.65,136.86,2
7.58,2.04,4.20,169.89,133.34,2
8.05,0.76,3.25,155.10,120.04,1
7.60,1.78,4.29,165.78,143.84,2
7.86,2.10,3.80,170.36,143.20,2
7.87,1.75,4.15,150.44,161.12,2
7.27,1.74,3.98,162.61,141.73,2
7.22,0.74,3.13,180.12,117.97,1
7.62,0.71,3.20,151.77,122.11,1
6.61,3.39,3.71,172.21,230.87,3
7.26,0.46,2.93,162.97,133.20,1
7.48,0.89,3.34,166.87,122.95,1
7.79,2.12,4.06,171.35,152.61,2
7.91,1.97,4.30,155.70,152.48,2
6.98,3.31,3.72,165.40,225.19,3
7.73,2.32,3.72,151.33,155.23,2
7.68,2.15,4.16,162.77,153.63,2
7.36,1.84,3.86,173.95,163.23,2
7.10,3.45,3.69,174.58,198.16,3
6.80,3.23,3.67,167.19,225.47,3
8.36,0.68,3.23,152.66,132.36,1
6.56,3.26,3.59,186.90,215.23,3
7.67,2.23,4.46,153.93,138.34,2
8.17,0.57,3.14,161.05,125.36,1
7.15,2.22,4.38,167.08,148.83,2
6.86,3.33,3.62,161.48,190.07,3
6.79,3.31,3.74,160.94,216.07,3
7.38,0.80,3.06,173.08,111.30,1
7.86,0.96,3.20,175.83,124.63,1
7.71,2.42,3.95,165.42,150.75,2
7.80,1.07,3.26,158.55,134.94,1
7.96,1.89,4.18,165.73,135.01,2
7.02,3.55,3.60,184.57,232.35,3
7.84,2.39,3.74,150.65,157.02,2
7.47,2.19,4.46,160.06,157.92,2
6.89,3.39,3.78,182.92,228.65,3
7.68,2.38,3.73,149.87,135.65,2
7.83,0.50,3.07,152.60,124.02,1
7.12,2.23,4.07,168.64,147.23,2
7.77,2.29,4.06,160.48,155.87,2
6.50,3.36,3.69,162.45,205.23,3
7.27,2.31,3.76,165.16,157.22,2
7.84,2.23,3.89,161.94,141.47,2
6.52,3.46,3.85,163.97,214.02,3
7.03,3.46,3.84,165.34,205.32,3
6.67,3.47,3.83,171.80,208.88,3
7.50,0.92,3.33,153.24,117.86,1
7.76,0.87,3.23,155.03,108.34,1
7.67,0.83,2.96,154.39,126.76,1
7.60,2.30,3.83,155.54,139.74,2
7.56,2.05,3.81,163.50,161.89,2
7.79,0.90,3.32,176.22,108.34,1
6.94,3.30,3.69,164.54,200.33,3
8.29,0.54,3.20,158.23,127.10,1
7.57,2.45,3.95,162.98,162.98,2
7.81,1.16,3.30,176.86,111.98,1
6.79,3.27,3.81,183.23,225.55,3
7.58,2.34,4.42,161.36,152.03,2
6.99,3.37,3.87,163.44,214.28,3
7.65,0.84,3.33,169.82,109.34,1
7.93,1.87,3.70,157.00,149.15,2
6.76,3.32,3.73,181.37,210.59,3
8.15,1.09,2.96,158.94,134.04,1
7.99,1.99,4.02,153.88,136.42,2
7.07,3.36,3.58,166.78,202.43,3
6.48,3.51,3.70,173.02,222.43,3
6.57,3.29,3.61,160.16,229.95,3
7.75,2.37,3.90,173.90,151.65,2
6.78,3.50,3.85,180.29,212.95,3
6.68,3.37,3.74,175.16,210.29,3
7.63,0.51,2.94,163.03,112.42,1
7.09,3.26,3.73,177.13,209.29,3
7.12,2.37,4.31,157.26,147.49,2
7.01,3.33,3.86,173.91,209.70,3
7.81,1.88,4.17,162.14,134.43,2
7.80,2.17,4.04,166.93,138.53,2
6.94,3.25,3.75,181.11,190.87,3
7.06,3.28,3.71,183.29,201.34,3
7.81,2.34,4.27,148.26,136.03,2
6.99,3.50,3.62,177.76,229.09,3
7.86,0.63,3.15,166.62,130.29,1
7.13,2.00,3.92,157.36,135.90,2
7.07,3.46,3.85,165.69,216.24,3
7.33,2.00,3.90,159.34,153.63,2
6.79,3.34,3.75,183.46,187.51,3
8.19,0.73,3.03,180.95,134.82,1
7.56,2.20,3.70,156.06,144.54,2
7.15,1.89,4.31,167.50,143.01,2
7.07,3.55,3.58,168.68,209.49,3
7.42,1.80,3.77,148.16,158.75,2
6.60,3.29,3.56,176.36,209.59,3
6.68,3.43,3.86,159.42,206.01,3
7.85,0.78,3.17,152.15,129.22,1
8.02,1.92,4.14,149.61,151.39,2
7.82,0.67,3.34,155.22,121.61,1
8.14,0.63,3.02,161.75,124.46,1
6.65,3.45,3.76,164.25,206.17,3
6.97,3.30,3.60,169.19,212.69,3
8.42,0.87,3.05,160.47,133.76,1
7.44,0.55,3.34,153.50,126.70,1
7.97,2.46,3.69,158.82,143.14,2
6.60,3.39,3.87,159.16,209.02,3
6.71,3.23,3.66,168.45,190.03,3
8.09,0.49,3.22,177.05,113.71,1
7.78,2.06,3.96,157.46,162.34,2
8.39,0.95,3.13,170.26,133.09,1
7.68,2.42,4.13,167.76,146.40,2
7.03,3.26,3.69,163.52,225.86,3
7.69,1.82,4.31,167.60,145.44,2
7.46,2.45,4.28,150.44,153.25,2
7.63,0.46,3.26,167.51,129.39,1
6.48,3.37,3.80,173.18,215.31,3
6.89,3.30,3.72,173.50,212.45,3
6.52,3.52,3.78,169.07,208.61,3
6.62,3.28,3.59,174.77,211.21,3
8.00,1.99,4.39,168.44,149.34,2
8.02,2.36,3.80,150.24,154.14,2
7.88,2.27,4.16,157.93,144.80,2
6.93,3.26,3.68,181.09,211.65,3
7.42,2.33,3.98,153.82,152.74,2
6.86,3.30,3.59,183.21,195.69,3
7.51,0.82,2.97,182.10,112.54,1
6.83,3.33,3.79,164.46,200.31,3
7.38,1.96,4.09,155.59,149.73,2
7.03,3.46,3.72,160.76,189.51,3
6.79,3.31,3.68,170.27,196.97,3
7.80,0.95,3.04,179.42,119.54,1
7.59,1.07,2.93,157.21,135.50,1
8.24,0.69,3.21,170.01,118.47,1
7.70,2.24,4.45,151.38,157.41,2
8.38,0.78,3.11,176.79,120.32,1
7.57,2.41,4.45,173.43,142.82,2
6.55,3.26,3.83,182.69,209.95,3
7.28,1.94,3.76,150.29,150.11,2
7.53,2.03,4.45,154.60,138.59,2
6.87,3.49,3.72,159.29,232.97,3
8.33,0.86,2.85,170.14,134.26,1
6.85,3.36,3.86,167.07,228.06,3
7.28,2.16,4.03,170.98,149.34,2
7.94,1.78,4.32,152.42,160.54,2
6.98,3.53,3.70,179.48,200.94,3
7.26,0.62,3.25,170.65,111.08,1
7.79,0.59,3.16,182.74,111.19,1
6.80,3.41,3.87,169.90,201.90,3
6.71,3.43,3.62,175.28,195.44,3
7.43,1.92,3.71,150.29,151.26,2
8.22,0.94,3.20,181.66,124.35,1
8.15,0.75,3.29,182.42,134.32,1
7.13,1.80,3.70,158.04,161.89,2
6.74,3.41,3.81,173.39,195.90,3
6.94,3.34,3.81,175.70,191.72,3
6.98,3.36,3.75,165.22,198.65,3
7.80,1.79,4.37,159.23,137.70,2
7.39,1.04,3.07,153.37,116.01,1
7.43,0.54,3.19,165.14,133.20,1
7.15,1.85,4.19,172.70,144.86,2
7.42,0.77,3.29,165.78,129.34,1
6.73,3.38,3.66,171.69,190.56,3
7.32,1.14,3.22,161.62,125.64,1
7.05,3.29,3.71,175.78,207.52,3
6.71,3.49,3.81,179.44,211.91,3
7.36,0.55,3.14,169.82,115.90,1
7.99,2.03,4.02,167.97,158.24,2
7.95,0.73,3.38,154.78,125.81,1
6.51,3.42,3.70,172.21,227.51,3
7.98,2.22,3.75,163.08,142.11,2
8.05,2.09,4.38,151.22,158.24,2
7.85,2.46,3.76,148.78,159.97,2
7.89,2.36,3.87,152.78,138.72,2
7.34,0.79,3.15,167.64,118.58,1
6.83,3.29,3.75,168.33,202.47,3
7.14,1.98,4.40,159.96,136.29,2
6.94,3.33,3.72,172.33,209.44,3
7.58,1.96,3.74,162.66,150.82,2
7.90,0.70,2.89,181.40,117.69,1
7.07,2.20,4.13,160.90,148.90,2
8.39,1.06,2.94,181.27,119.48,1
7.10,2.28,3.85,171.35,153.82,2
8.02,0.60,2.97,155.54,121.89,1
6.77,3.34,3.67,167.59,190.17,3
7.95,0.99,3.22,168.28,133.82,1
6.49,3.53,3.70,185.71,224.27,3
8.02,0.80,2.85,171.54,123.74,1
8.23,0.86,3.08,152.73,124.07,1
6.64,3.24,3.83,185.40,190.44,3
7.61,2.14,4.29,172.02,138.98,2
7.32,0.99,2.88,165.02,120.26,1
7.60,0.83,2.91,173.08,129.90,1
8.19,0.81,3.07,159.77,115.34,1
7.28,0.58,2.95,155.99,113.10,1
7.78,2.34,4.13,167.60,134.50,2
7.56,0.87,3.05,158.17,133.20,1
7.59,1.79,4.37,165.99,154.59,2
6.51,3.41,3.66,167.85,197.88,3
6.88,3.35,3.73,167.35,220.86,3
7.36,0.80,3.22,155.29,119.65,1
8.14,1.10,3.30,160.54,115.22,1
8.42,0.66,3.34,165.59,135.55,1
7.85,2.14,3.86,151.17,160.48,2
6.73,3.39,3.82,178.78,189.28,3
7.21,1.88,4.13,162.51,138.53,2
7.58,1.09,3.13,179.22,112.09,1
7.47,1.98,4.11,151.80,159.71,2
7.43,1.08,3.28,157.08,127.60,1
7.08,1.87,4.07,157.00,139.10,2
7.30,1.11,2.99,172.76,120.38,1
7.35,1.03,3.34,154.01,129.73,1
7.68,1.78,4.45,155.12,136.22,2
8.09,2.23,4.46,167.81,133.28,2
7.85,2.45,3.89,168.44,162.98,2
7.34,1.77,3.99,170.93,157.86,2
8.22,1.14,2.90,178.71,117.07,1
7.78,1.09,3.21,172.12,120.04,1
6.76,3.36,3.87,165.06,201.90,3
7.09,2.19,4.14,148.73,136.42,2
6.84,3.45,3.80,182.07,210.07,3
7.83,0.99,2.97,169.82,131.74,1
7.66,0.69,3.01,175.06,128.55,1
6.59,3.45,3.63,170.56,214.98,3
6.55,3.42,3.72,168.41,200.55,3
6.93,3.36,3.76,170.40,232.89,3
7.44,0.52,3.32,161.30,124.86,1
6.92,3.44,3.78,161.93,219.22,3
7.24,0.63,3.30,173.66,118.58,1
7.66,0.59,3.29,162.33,110.86,1
7.49,2.18,4.08,154.03,145.70,2
7.92,0.49,3.07,171.61,118.64,1
7.38,1.98,3.94,157.93,152.22,2
7.69,1.90,4.26,160.06,151.58,2
7.94,0.50,3.10,152.28,131.69,1
7.06,3.39,3.73,167.30,225.62,3
7.96,2.47,4.44,171.35,158.50,2
7.84,2.42,4.18,166.15,137.57,2
7.23,2.17,3.88,162.40,160.35,2
7.38,0.51,3.07,164.89,112.20,1
8.15,0.91,2.85,172.63,117.41,1
7.33,1.94,4.34,156.53,160.16,2
7.06,3.43,3.68,166.06,209.64,3
6.95,3.44,3.74,167.06,188.77,3
7.07,3.48,3.62,169.53,226.55,3
8.06,1.84,3.85,164.54,140.32,2
6.62,3.38,3.76,173.79,229.84,3
6.78,3.37,3.69,167.17,201.83,3
6.70,3.50,3.84,177.52,222.83,3
7.21,1.89,3.72,158.30,132.06,2
7.07,3.48,3.63,186.96,201.74,3
7.24,1.90,3.77,148.73,140.45,2
6.83,3.36,3.66,164.33,222.99,3
7.09,3.55,3.57,170.76,212.07,3
7.84,1.94,4.44,148.21,145.31,2
7.60,1.90,4.41,152.42,153.95,2
6.89,3.51,3.59,172.88,229.54,3
7.01,3.23,3.79,166.36,227.58,3
6.57,3.50,3.62,173.07,223.90,3
8.31,0.71,3.27,180.06,129.11,1
7.00,3.25,3.83,160.60,232.20,3
7.54,2.04,3.84,154.08,133.34,2
8.02,1.81,4.35,171.19,160.22,2
7.41,2.01,4.04,150.39,159.78,2
7.92,2.02,4.12,168.59,143.84,2
7.23,0.95,3.24,179.48,121.27,1
6.88,3.38,3.75,159.09,224.53,3
7.44,1.78,4.27,173.53,141.02,2
7.39,2.14,4.30,173.69,149.66,2
7.61,2.02,4.04,149.46,152.35,2
7.07,3.53,3.76,160.07,192.67,3
7.27,0.53,3.32,154.20,121.61,1
8.24,1.01,3.03,156.44,122.95,1
7.96,2.05,3.93,167.60,163.04,2
7.84,0.74,3.14,182.74,114.61,1
6.61,3.40,3.81,184.26,227.07,3
6.91,3.38,3.84,161.56,200.79,3
6.96,3.40,3.59,176.69,222.21,3
7.30,1.89,3.76,152.73,150.56,2
7.22,0.85,3.03,155.61,124.30,1
7.96,0.51,3.22,169.24,118.86,1
6.68,3.43,3.60,180.83,199.92,3
6.49,3.54,3.68,170.41,221.00,3
6.56,3.26,3.62,161.48,219.54,3
7.85,0.66,3.28,171.16,108.34,1
7.56,1.85,4.25,161.47,145.31,2
8.21,1.14,3.00,167.06,120.21,1
7.49,2.04,4.21,171.66,137.18,2
8.33,0.50,3.13,176.60,130.74,1
6.96,3.28,3.58,173.97,225.12,3
6.54,3.41,3.69,161.00,200.40,3
6.71,3.43,3.69,164.54,198.64,3
6.54,3.52,3.80,174.19,221.22,3
7.47,0.54,3.26,167.51,108.11,1
7.38,2.41,4.20,166.15,140.13,2
7.50,1.09,2.90,157.78,130.74,1
6.72,3.47,3.76,164.02,209.23,3
7.85,1.74,3.73,162.66,139.36,2
6.60,3.36,3.64,185.10,222.59,3
6.65,3.40,3.55,182.66,204.88,3
8.31,1.05,3.25,166.10,129.17,1
7.48,2.12,4.03,159.49,138.78,2
7.84,1.82,4.17,156.16,149.98,2
8.10,2.23,4.14,156.11,147.04,2
7.33,1.04,2.95,153.75,116.68,1
6.87,3.43,3.60,186.32,218.73,3
6.59,3.51,3.84,186.11,223.31,3
8.10,2.18,4.45,148.36,162.72,2
6.83,3.29,3.76,170.18,187.69,3
7.75,0.73,3.20,153.75,133.98,1
8.05,2.13,3.86,163.34,160.10,2
7.60,1.87,3.69,159.60,161.76,2
7.68,2.46,3.69,151.12,144.22,2
8.06,0.80,2.96,180.50,134.32,1
7.78,0.71,2.86,182.49,126.76,1
8.09,0.61,3.02,153.05,126.26,1
7.97,1.03,3.38,157.40,111.58,1
7.84,0.79,3.06,164.31,134.49,1
7.33,1.88,3.98,152.99,162.59,2
6.49,3.31,3.68,166.65,192.34,3
7.14,1.89,3.86,156.94,140.90,2
7.53,1.71,3.74,157.57,155.87,2
7.64,2.00,4.29,154.76,153.38,2
7.27,2.30,4.25,162.61,162.98,2
7.40,2.03,4.09,148.83,148.26,2
8.25,0.88,3.21,159.26,121.44,1
6.46,3.41,3.81,160.11,204.20,3
7.76,1.06,3.21,153.75,119.20,1
7.21,2.14,4.09,149.66,153.18,2
7.00,3.41,3.83,163.53,229.20,3
8.28,0.83,2.92,176.09,132.98,1
7.18,2.36,3.74,149.09,139.49,2
8.08,0.64,3.29,173.34,119.09,1
7.62,2.29,3.86,151.69,143.78,2
6.73,3.34,3.71,161.65,212.67,3
7.95,0.92,2.89,164.63,129.11,1
6.81,3.41,3.79,175.76,219.64,3
7.65,2.25,3.97,168.07,140.06,2
6.80,3.40,3.68,163.46,226.54,3
6.93,3.49,3.64,163.63,191.78,3
7.16,1.92,4.22,149.04,138.98,2
7.17,2.45,3.95,153.46,156.64,2
7.30,0.47,3.15,151.45,122.17,1
6.80,3.47,3.60,163.08,229.73,3
7.25,2.24,3.77,170.98,161.89,2
7.76,1.03,3.33,157.53,131.97,1
7.34,0.84,2.88,153.24,120.43,1
7.72,2.31,4.47,162.66,150.43,2
7.95,2.17,3.91,151.59,137.18,2
6.53,3.45,3.60,163.52,216.35,3
7.33,2.03,3.89,166.20,135.39,2
7.26,1.86,3.97,170.00,162.59,2
7.09,3.46,3.78,177.71,214.43,3
6.46,3.39,3.64,170.64,227.89,3
7.63,2.32,4.16,163.55,147.17,2
6.64,3.35,3.65,173.34,196.19,3
7.47,2.36,4.19,166.10,144.86,2
7.89,1.97,4.07,170.88,145.25,2
8.06,1.97,3.73,173.64,152.74,2
7.52,2.02,3.95,153.98,133.98,2
8.03,0.58,3.36,178.78,120.15,1
6.83,3.41,3.65,165.72,206.82,3
7.79,1.81,4.14,162.66,139.74,2
7.54,1.75,4.06,166.15,147.04,2
7.08,2.03,4.17,166.98,141.41,2
7.08,3.36,3.69,181.80,230.87,3
7.46,0.97,3.19,181.98,133.37,1
7.44,2.32,4.11,155.02,152.80,2
6.58,3.29,3.77,167.85,226.77,3
7.25,2.06,4.00,159.60,141.09,2
7.43,0.78,3.02,170.39,118.42,1
7.21,2.34,4.16,153.62,160.03,2
6.88,3.50,3.70,174.36,187.58,3
7.29,1.10,3.35,160.60,135.94,1
7.84,2.23,4.10,173.53,151.71,2
7.17,2.40,4.07,171.76,155.94,2
7.59,2.03,4.31,161.42,152.10,2
7.75,0.72,3.02,181.72,124.52,1
7.40,0.99,2.88,176.28,118.30,1
7.53,2.23,4.46,159.65,148.51,2
6.91,3.36,3.77,179.37,187.97,3
7.30,0.95,2.93,168.54,127.32,1
8.14,0.96,2.99,163.48,114.55,1
6.46,3.55,3.68,177.23,220.69,3
7.89,1.02,3.22,182.74,126.26,1
7.47,2.33,3.74,170.05,156.06,2
6.59,3.49,3.55,184.15,213.21,3
6.82,3.54,3.83,167.06,203.79,3
7.22,2.47,4.05,158.92,158.88,2
6.46,3.51,3.57,175.05,214.23,3
8.32,0.68,2.92,168.28,117.46,1
6.64,3.51,3.57,182.61,199.72,3
7.94,0.87,2.95,176.60,121.44,1
